Molecule,Lowest MMFF94 Energy
c39n,-6.539303215
e39,32.54130846
c15helix,22.76626971
e40,173.4531225
c4,-5.075973341
c8a,8.365938622
c17l,-2.960403447
c20n,-3.816902979
c7n,-4.253919314
c12p,47.28007863
e12,73.82189987
e38,26.04516062
e27,-3.755940653