Statistic,P-value
0.0028692624469238504,0.9997848913097495
